Horizon,Updated_Horizon,Flag_remove,Flag.Horizon.Type,Move_to_Humus
C,,,,
Cb2,,,,
Cb1,,,,
R,,,,
Bf,,,,
Ae,,,,
Bfj,,,,
Bf2,,,,
Bf1,,,,
Bm1,,,,
Bm2,,,,
Cb,,,,
Ahb,,,,
Bmj,Bm,,,
Ah,,,,
Bfgj,,,,
Bm,,,,
Cg,,,,
Ahb1,,,,
Cb3,,,,
Ahb2,,,,
C4,,,,
C1,,,,
C2,,,,
C3,,,,
Bmb2,,,,
Bmb,,,,
Cb33,Cb3,,,
Bg,,,,
F+Hb2,FHb2,,Organic.Horizon,
F+Hb1,FHb1,,Organic.Horizon,
F+Hb3,FHb3,,Organic.Horizon,
Bgj,,,,
Bg2,,,,
Bg1,,,,
Bc,Bmc,,,
Bcc,,,,
Bfg,,,,
Fmb,Fb,,Organic.Horizon,
Hrb,Hb,,Organic.Horizon,
Bhf,,,,
Bhfj,,,,
Aeb,,,,
Bt,,,,
Ah1,,,,
Ah2,,,,
Bh,,,,
BC,,,,
Bgj2,,,,
BC1,,,,
IIAhb,,,,
NA,,Flag,,
IIBm1,,,,
ah,Ah,,,
AB,,,,
Bm3,,,,
Ac,AC,,,
Bhf1,,,,
IIC1,,,,
Ae2,,,,
BM,Bm,,,
BHF,Bhf,,,
Bmk,,,,
Bfc,,,,
BTJ,Btj,,,
Ahe,,,,
Btgj,,,,
AE,Ae,,,
CK,Ck,,,
Ba,,,,
Cgj,,,,
Bf3,,,,
BC2,,,,
Bhfb,,,,
Hb,,,Organic.Horizon,
BT,Bt,,,
AHE,Ahe,,,
Ahg,,,,
Bm5,,,,
Aeh,Ahe,,,
Ahj,,,,
BFJ,Bfj,,,
Bhf3,,,,
Ag1,,,,
Bt3,,,,
BCgj,,,,
Aej,,,,
Cca1,,,,
IIBm2,,,,
AC,,,,
Bhg,,,,
VICg,,,,
Bsca,,,,
Bhf2,,,,
AH,Ah,,,
Cg2,,,,
bBfg,Bfg,,,
BCk2,,,,
Btg,,,,
IIBmk,,,,
Btj,,,,
IIBC,,,,
IIAB,,,,
2BM,IIBm,,,
Aeg,,,,
Ahg1,,,,
Bt2,,,,
Bmk1,,,,
IIC,,,,
BCgR,BCg,,,
IIBFG,IIBfg,,,
IIBfb1,,,,
Hhb,Hb,,Organic.Horizon,
Bfb,,,,
BCz,,,,
BFGJ,Bfgj,,,
Aek2,,,,
Stone,R,,,
Ck,,,,
IVBC,,,,
Cca,,,,
Cg2ca,Cgca2,,,
BCII,BC2,,,
A,,Flag,,
BMB2,Bm,,,
IIBm,,,,
Bk,,,,
Bhj,,,,
BF,Bf,,,
Bmgj1,,,,
Ah3,,,,
IIIC,,,,
iiBf,IIBf,,,
Btk,,,,
Rock,R,,,
BMg,Bmg,,,
iiC2,IIC2,,,
Ae1,,,,
VC,,,,
IBm,,,,
CKGJ,Ckgj,,,
Ahsk,,,,
Om,Om,,Organic.Horizon,
IC,C1,,,
IIAHB,IIAhb,,,
BCk,,,,
SILT,,Flag,,
B,,Flag,,
IIBg,,,,
Bfj2,,,,
CII,C2,,,
BCca,,,,
Bhjk,,,,
BHFG,Bhfg,,,
Bmg,,,,
Cg1,,,,
IIBmgj,,,,
Cg3,,,,
Ck1,,,,
Wb,W,,,
Hhib,Hb,,Organic.Horizon,
ABgj,,,,
BgtI,Btg,,,
IICk,,,,
BCg,,,,
AEJ,Aej,,,
BCK,BCk,,,
ACB,ACb,,,
ICg,Cg1,,,
Bmgj2,,,,
BMGJ,Bmgj,,,
kBt,Btk,,,
BM3,Bm3,,,
Bfh,Bhf,,,
B1,,Flag,,
2C,IIC,,,
BHFB1,Bhf,,,
IIBt,,,,
CKG,Ckg,,,
Bmgi,Bmgj,,,
IBf4,Bf4,,,
O,O,,Organic.Horizon,
Acj,AC,,,
Bmgj,,,,
IIBCTJ,IIBtj,,,
LF,,,Organic.Horizon,Move
D,,Flag,,
Btgx,,,,
Bt1,,,,
FH,,,Organic.Horizon,Move
C5,,,,
IICg,,,,
Oh3,Oh3,,Organic.Horizon,
IIBhfgj,,,,
IBhf,Bhf,,,
2BTJ,IIBtj,,,
Bhfg,,,,
IICca,,,,
Ap,,,,
Cgj1,,,,
Bhjf,,,,
c,C,,,
CB,BC,,,
Bmk2,,,,
IIAe2,,,,
IIBmg,,,,
A+BY,,Flag,,
Btjgj,,,,
Ahej,,,,
IIBt2,,,,
Bfhj,Bhfj,,,
IIBt1,,,,
Bfcgj,,,,
IIICgj,,,,
BCg1,,,,
Hb2,,,Organic.Horizon,
IAh,,,,
Hd,,,Organic.Horizon,Move
BCgII1,BCg2,,,
AEBK,Aekb,,,
Aegj2,,,,
IICB,IIBC,,,
IVC,,,,
Bck,,,,
IIBtkgj,,,,
BCg2,,,,
BCb,,,,
Bghj,,,,
Oh1,Oh1,,Organic.Horizon,
Bfy1,,,,
Hhwb,Hb,,Organic.Horizon,
AHK,Ahk,,,
Oh,,,Organic.Horizon,
Bkj,,,,
BMKU,Bmku,,,
Bmy,,,,
IIBMGJ,IIBmgj,,,
cg,Cg,,,
Bgt,Btg,,,
Aegj,,,,
Cc,,,,
IIIBC,,,,
IIBmk2,,,,
Bfbu,,,,
IIBg1,,,,
Ash,,Flag,,
Bfcj,,,,
H,,,Organic.Horizon,Move
ABt,Bt,,,
IIBCg,,,,
Bhgm,Bhg,,,
BFGJCJ,Bfgjcj,,,
L2,,Flag,,
Ab,,,,
Bgk,,,,
Bmca,,,,
BCf,Bf,,,
Ckg,,,,
Bmu,,,,
F,,,Organic.Horizon,Move
IIBtgj,,,,
2BC,IIBC,,,
Bmh,Bh,,,
Ahk,,,,
Bm4,,,,
2CK,IICk,,,
Ahjsag,Ahsag,,,
Oh2,,,Organic.Horizon,
Fh,FH,,Organic.Horizon,Move
IIC2,,,,
Bmg1,,,,
IICGJ,IICgj,,,
Bmgjk,Bmkgj,,,
Bhb,,,,
Ah2kg,Ahkg2,,,
IIICg,,,,
Bgb1,,,,
Ahb3,,,,
Ch,Bh,,,
BA,,,,
IIAheb,,,,
Ahy,,,,
IIBC2,,,,
AhBm,,Flag,,
IIIBm,,,,
Bgb,,,,
IIBg2,,,,
Aegb,,,,
Bcg,,,,
CG,Cg,,,
Bfj1,,,,
IIBCca,,,,
IIBfj2,,,,
Ahgj,,,,
Ck2,,,,
Bmy1,,,,
Bfhcj,Bhfcj,,,
Cgj2,,,,
BF2,Bf2,,,
Bhfgj,,,,
CK2,Ck2,,,
CGJ,Cgj,,,
Bksagj,,,,
ABg,,,,
IAhk,,,,
Bgk2,,,,
Of,,,Organic.Horizon,
Bfp,Bf,,,
Bmc,Bmc,,,
Bfhb,Bhfb,,,
Ahbg2,,,,
Cgk,,,,
IBm2,,,,
IIBngj,,,,
BCc,,,,
IIIBfcb,,,,
Cxc,,,,
IIICk,,,,
Bfjg,Bgfj,,,
Cgjk,Ckgj,,,
BMK,Bmk,,,
Btfj,,,,
bm,Bm,,,
Bkg1,,,,
R35+,,Flag,,
Ac2,AC2,,,
IIICG,IIICg,,,
IBm1,,,,
Cck,,,,
IICgj,,,,
BM1,Bm1,,,
Bfg4,,,,
Ckg3,,,,
Bh2,,,,
IIIBF,IIIBf,,,
L,,,Organic.Horizon,Move
Bg3,,,,
Fq,F,,Organic.Horizon,Move
Bgca,,,,
None,,Flag,,
Bhfc,,,,
Bfh1,Bhf1,,,
IIIBC2,,,,
BtC,Bt,,,
BM2,Bm2,,,
Afgj,Bfgj,,,
BGJ1,Bgj1,,,
Hbj,Hb,,Organic.Horizon,
BgII,Bg2,,,
ABk,,,,
IBf,,,,
BfuBCu,,Flag,,
Bfu,,,,
IIBmk1,,,,
Ahk1,,,,
Bhfu,,,,
BMU,Bmu,,,
Btk2,,,,
AhBg,,Flag,,
1Ah,Ah1,,,
Ccg,,,,
IIBtj,,,,
IVBC1,,,,
Bc1,Bmc1,,,
Cobbles,R,,,
BCcj,,,,
IIAhca,,,,
Bmkg2,,,,
Hh,,,Organic.Horizon,Move
BfII,Bf2,,,
Bgh,Bhg,,,
IIH,,,Organic.Horizon,Move
Bmku3,,,,
Charcoal,,Flag,,
BCgk,,,,
BMYB,Bmyb,,,
Bfc1,,,,
Bfc2,,,,
Aebu2,,,,
Bfbu1,,,,
Bg5,,,,
Bfb2,,,,
Aebu1,,,,
Cg5,,,,
AEgj,Aegj,,,
HAeb1,Aheb1,,,
Om1,,,Organic.Horizon,
Lfh,LFH,,Organic.Horizon,Move
A1,,Flag,,
IIC3,,,,
Cca2,,,,
Acb,Acb,,,
Hhi,,,Organic.Horizon,Move
Ob,,,Organic.Horizon,
IIBF2,IIBf2,,,
bHF,Bhf,,,
bF,Bf,,,
Rx,Rx,,,
Btm,Bt,,,
Ofb2,,,Organic.Horizon,
Bmhj,Bhj,,,
BHF2,Bhf2,,,
BMB,Bmb,,,
Btk1,,,,
3C,IIIC,,,
BC3,BC3,,,
Cz,,,,
Bmz,,,,
IICu,,,,
Ckgj,,,,
Bfy2,,,,
Cgh,Cg,,,
ABU,ABu,,,
IICg2,,,,
ACk,,,,
AhH,Ah,,,
IIBf,,,,
WOOD,,Flag,,
IIIBg,,,,
BfBC,Bf,,,
Bhfgj1,,,,
BfBhf,Bhf,,,
Btj3,,,,
Bs,,,,
C+B,BC,,,
Fqb,Fb,,Organic.Horizon,
Bfju,Bufj,,,
IIAe,,,,
Ckc,,,,
Mineral,,Flag,,
Bgj1,,,,
IBCk,,,,
IVCg,,,,
Aebu,,,,
LFH,,,Organic.Horizon,Move
IIBCg2,,,,
Bmk3,,,,
Cgi,Cg1,,,
BmI,Bm1,,,
IBfj,,,,
BmAh,,Flag,,
I,,Flag,,
BMK1,Bmk1,,,
AejBfB,,Flag,,
Bfub,Bfub,,,
Bgjk,Bmkgj,,,
IICkc,,,,
BCgjk,BCkgj,,,
Ah3gj,Ahgj3,,,
Btkgj1,,,,
OH,Oh,,Organic.Horizon,
Cca2u,Cca2,,,
AHB,Ahb,,,
Bgt1,Btg1,,,
BmAh?,,Flag,,
Btj1,,,,
BT2,Bt2,,,
IIIBtg,,,,
Btju,Btj,,,
ROCK,R,,,
Aheg,,,,
BTK2,Btk2,,,
3R,R,,,
Bhgj2,,,,
BgI,Bg1,,,
IIBgb,,,,
Bn,,,,
IIBG1,IIBg1,,,
Ahf,,Flag,,
1Bm,Bm1,,,
Cgb,,,,
R?,R,,,
Of1,,,Organic.Horizon,
BCU,Bcu,,,
IICcagj,,,,
IIBtk,,,,
Ahek3,,,,
Hi,,,Organic.Horizon,Move
B3,,Flag,,
VBg3,,,,
BFC,Bfc,,,
BFB,Bfb,,,
Ohb,,,Organic.Horizon,
Btg2,,,,
Ibmk,Bmk1,,,
Btjg,Bgtj,,,
Bj,,Flag,,
Iae,Ae1,,,
ASH,,Flag,,
2BCK,IIBCk,,,
IIIAhbgj,IIIAhbgj,,,
wood,,Flag,,
IIIBfgb,,,,
AL,,Flag,,
Cgc,Cgc,,,
Fq2,F2,,Organic.Horizon,Move
BCca2,,,,
Ahjej,Ahej,,,
BCK2,BCk2,,,
Ahe2,,,,
Cg4,,,,
Btz,,,,
Cgjk1,Ck1gj,,,
B2,,Flag,,
2BCGJ,IIBCgj,,,
BCgjtj,Btjgj,,,
IAe,,,,
CB1,,,,
Ahc,,,,
Ahbg1,,,,
IIBtc2,,,,
Btgj2,,,,
Bgfj,,,,
BfI,Bf1,,,
ACU,ACu,,,
BTJ1,Btj1,,,
Ckg1,,,,
IICa,IICca,,,
BMG1,Bg1,,,
IVBmKb,IVBmkb,,,
CR,C,,,
IIBC1,,,,
IIOb,,,Organic.Horizon,
BF1,Bf1,,,
IIIAhb,,,,
IVAhb,,,,
Aje,Aej,,,
Aekj,,,,
IIBM,IIBm,,,
IIBmb,,,,
Bhm,Bh,,,
VCg,,,,
BCgj1,,,,
CC,Cc,,,
3Ck,IIICk,,,
Bfjgj,,,,
IIBtk1,,,,
Bmu1,,,,
bAh,,Flag,,
IIBf2,,,,
Ae11,Ae1,,,
IICK,IICk,,,
IVAhKb,IVAhkb,,,
ABtj,Btj,,,
rock,R,,,
boulder,R,,,
W,W,,,
Bfgi,Bfg1,,,
Aehj,Ahej,,,
Of3,,,Organic.Horizon,
BCB,,Flag,,
Btj2,,,,
Ck3,,,,
Bc2,,,,
Iah,Ah1,,,
Bmg2,Bg2,,,
IIIBM,IIIBm,,,
Bfgj1,,,,
Bfgj2,,,,
Cb5,,,,
IIAhgj,,,,
Bfg3,,,,
2BMC,IIBmc,,,
?,,Flag,,
pBC,,Flag,,
BmAe,,Flag,,
Bfi,Bf1,,,
bf,Bf,,,
IIBfj,,,,
AhBrn,,Flag,,
Brn,,Flag,,
Bk2,,,,
kC,Ck,,,
Of2,,,Organic.Horizon,
Btg1,,,,
A+BK,ABk,,,
Aheb,,,,
Bk1,,,,
2R,R,,,
VBm,,,,
IIBmg2,,,,
IIAeb,,,,
IAE,Ae1,,,
IVBm,,,,
48,,Flag,,
Bmtj,,,,
IICg1,,,,
VBmb2,,,,
IIAej,,,,
Aejg,Aegj,,,
BtK2,Btk2,,,
Saprolit,,Flag,,
Ah2b,Ahb2,,,
IIBT2,IIBt2,,,
CgII,IICg,,,
CI,C1,,,
Bnca,,,,
VIC,,,,
IIBT1,IIBt1,,,
Bsa,,,,
IIBhgj,,,,
S2,,Flag,,
Bhfcj,,,,
Hcb,,,Organic.Horizon,
IIBFGJ2,IIBfgj2,,,
Bcgj,,,,
Aek,,,,
IIBhf,,,,
ACK,,Flag,,
Bmu2,,,,
Hb1,,,Organic.Horizon,
BH,Bh,,,
Btgf,,Flag,,
IAhg,,,,
Bmc2,,,,
Bf3g,Bfg3,,,
Bmf,Bf,,,
IIIAh,,,,
Bhgj,,,,
Ibm,Bm1,,,
A+BU,,Flag,,
AB2,,,,
Bt2k,Btk2,,,
Bmgs,Bsg,,,
I.Ae,Ae1,,,
Cgjk4,Ckgj4,,,
Bfg2,,,,
Aheu,,,,
Ahg2,,,,
Cbk,,,,
water,W,,,
Rf,R,,,
"C


C",C,,,
5.5,,Flag,,
IIBfc2,,,,
IIHhb,,,Organic.Horizon,
Bkgj,,,,
Bmi,Bm1,,,
Cqx,Cx,,,
BgJ,Bgj,,,
IBt,,,,
Bf2u,Bfu2,,,
g,,Flag,,
Cgca,,,,
Bmx1,,,,
IICcg,,,,
IAe2,,,,
Cgnj,Bgnj,,,
Be,,Flag,,
IIAhj,,,,
BMGJ1,Bmgj1,,,
Bgkb2,,,,
2,,Flag,,
Cr,C,,,
IIAh,,,,
Btjk,,,,
AeBm,,Flag,,
IIAhbC,IIAhb,,,
Ahbg,,,,
Cgj3,,,,
?Bt,Bt,,,
Cgju,Cugj,,,
At,,Flag,,
Bm1Bhf,Bhf,,,
Cq,C,,,
R2,R,,,
Bhft,,Flag,,
Bngj,,,,
S1,,Flag,,
LFHb,,,Organic.Horizon,
Ahjk,,,,
IIIH,H3,,Organic.Horizon,Move
Ctgj,Btgj,,,
CGT,Cg,,,
CorBC,,Flag,,
IIBfgj,,,,
IIIAHb,IIIAhb,,,
IIAHb,IIAhb,,,
IAH,Ah1,,,
Cgj4,,,,
IIBCt,IIBt,,,
Aetrace,,Flag,,
BCu,BCu,,,
IIIAhbC,IIIAhb,,,
BF4,Bf4,,,
IIAegjb1,IIAebgj,,,
BFcc,Bfcc,,,
B?,,Flag,,
IICk1,,,,
B+,,Flag,,
Aeg2,,,,
S,,,Organic.Horizon,Move
Btk3,,,,
IIBF,IIBf,,,
BCGJ,BCgj,,,
IAhb,,,,
IIAhbc,,,,
Ahkb,,,,
IIIBm3,,,,
2Bm,IIBm,,,
hb,Hb,,Organic.Horizon,
IBmk1,,,,
2Cgj,IICgj,,,
Bg2k,Bgk2,,,
Bgf2,,,,
IIBCgj,,,,
Bgcj,,,,
Bgf1,,,,
AU,,Flag,,
AHbg,Ahbg,,,
IIIBf,,,,
BCM,Bm,,,
D1,,Flag,,
ACbg2,,Flag,,
Ahbu,,,,
VBhg,,,,
Ofb1,,,Organic.Horizon,
Bmub,,,,
IIIBmb,,,,
Ahu,,,,
I.Ah,Ah1,,,
AEB,Aeb,,,
Cx,,,,
3BC,IIIBC,,,
Ag,,Flag,,
BFh,Bhf,,,
Ck5,,,,
Btgj3,,,,
IIF,,Flag,,
B4,,Flag,,
Br,,Flag,,
AeBm1,,Flag,,
Btu,Btu,,,
Btc,Btc,,,
Bm2R,,Flag,,
2AHE,Ahe2,,,
Ac1,AC1,,,
Ah1oh,Ah1,,,
Boulders,R,,,
Bmbgj,,,,
Bgtj,,,,
BCg3,,,,
Bhgk,,,,
Cjk1,Ckj1,,,
FB,Fb,,Organic.Horizon,
AE2,Ae2,,,
Ahks,,,,
Hhrb,Hb,,Organic.Horizon,
Civ,IVC,,,
Bum1,Bmu1,,,
IIIBhfc,,,,
IIIAe,,,,
IIBm3,,,,
r,R,,,
IIBMGJ2,IIBmgj2,,,
Bhk,Bhk,,,
bhf,Bhf,,,
bfcj,Bfcj,,,
2BG,IIBg,,,
CgR,Cg,,,
ABtg,Btg,,,
Ccq,Cca,,,
B+AU,,Flag,,
"Ae


Ae",Ae,,,
BCCJ,BC,,,
Dx,,Flag,,
IVBCK,IVBCk,,,
IIIBCgj,IIIBCgj,,,
Bcj,,,,
HAeb2,Aheb2,,,
BCgc,,,,
Btjh,Bhtj,,,
Ae3,,,,
BG,Bg,,,
Organic,O,,Organic.Horizon,
Ck4,,,,
BII,,Flag,,
Bh1,Bh1,,,
2Bm1,IIBm1,,,
Bfjb,Bmb,,,
Ccj,,,,
IAh1,,,,
BCj,Bcj,,,
IIHb,,,Organic.Horizon,
IIBfb,,,,
VICKZ,VICkz,,,
Bf11,Bf1,,,
Bfz,,,,
Bm?,Bm,,,
BmII,Bm2,,,
Bf4,,,,
AejBm,,Flag,,
AhHe,Ahe,,,
Bnjgj,,,,
Ibf,Bf1,,,
Btjg1,Bgtj,,,
IIIBCg,,,,
IIC238,,Flag,,
Ahn,,,,
VIIBM,VIIBm,,,
Bfhg3,Bhfg3,,,
Bfhg2,Bhfg2,,,
Fb2,,,Organic.Horizon,
IC1,,,,
Ahekgj,,,,
Cq1,,Flag,,
LFh,LFH,,Organic.Horizon,Move
5AB,VAB,,,
VBM,VBm,,,
Bfhgj,Bhfgj,,,
IIBF3,IIBf3,,,
bc,BC,,,
Aeju,,,,
Bgf,,,,
Bfh2,Bhf2,,,
Bfhgj1,Bhfgj1,,,
Bmb1,,,,
Cgjc,Ccgj,,,
Ahca,,,,
Ahbk,,,,
BCG,BCg,,,
Blc,,Flag,,
Bt1k,Btk1,,,
Ahe1,,,,
AHEG,Aheg,,,
IIBgj,,,,
Csa,,,,
IVAhb2,,,,
AeAhe,Ahe,,,
c3,C3,,,
11C,IIC,,,
Bhf4,,,,
CKg,Ckg,,,
2BCKG,IIBCkg,,,
Bfhg1,Bhfg1,,,
2Cg,IICg,,,
Bmt,Bt,,,
IIBmgj1,,,,
Bfg1,,,,
C?,C,,,
Omk,Om,,Organic.Horizon,
Hr,,,Organic.Horizon,Move
Ohj,Oh,,Organic.Horizon,
II.Ah,IIAh,,,
IIBck,,,,
BCgj2,,,,
Ahek1,,,,
FH2,,,Organic.Horizon,Move
IVCkgj,,,,
CBm1,Bm1,,,
ICd,IC,,,
IVCBg,,,,
Bgf3,,,,
IIBMK,IIBmk,,,
III,,Flag,,
Cgk2,,,,
Cgk1,,,,
AhII,,,,
Cgsak1,,,,
Bmj3,Bm3,,,
Ck6,,,,
BCcgj,,,,
Cng,,,,
Ahng,,,,
AHG,Ahg,,,
Cgn,,,,
Cm,,Flag,,
Ahkg,,,,
Ag2,Ah2,,,
DOP,,Flag,,
Log,,Flag,,
Baf,Bf,,,
IICb,,,,
Bgfhb,Bghfb,,,
Aejgj,,,,
IBgj,,,,
Am,,Flag,,
IC2,,,,
VBm5,,,,
AEU,Aeu,,,
IIFb,,,Organic.Horizon,
IICGj,IICgh,,,
Ahek,,,,
fragmen,,Flag,,
AB1,,,,
Ckgj2,,,,
Om2,Om2,,Organic.Horizon,
H2O,W,,,
HB,Hb,,Organic.Horizon,
BCgi,BCg1,,,
C2gj,Cgj2,,,
2AE,IIAe,,,
rocks,R,,,
DR,R,,,
Bhc,,,,
BC4,,,,
IICca2,,,,
Btck,,,,
S9L,,Flag,,
gravel,R,,,
Cgjk2,Ckgj2,,,
cgj,Cgj,,,
Btjk1,Bktj1,,,
Bfhgj2,Bhfgj2,,,
Bgi,Bg1,,,
IIBMGJ1,IIBgj1,,,
IIBtg,,,,
IIB_C,IIBC,,,
Cgs,Cgs,,,
IBmgj,,,,
Bgbc,,,,
BLk,,Flag,,
2BCGJX,IIBCxgj,,,
AHEJ,Ahej,,,
cl,C1,,,
Ahek2,,,,
Ab2,,,,
CIII,IIIC,,,
C11,IIC,,,
bg2,Bg2,,,
Ofb,,,Organic.Horizon,
Brng,Bng,,,
bt,Bt,,,
BT1,Bt1,,,
IVHb,,,Organic.Horizon,
ash,,Flag,,
Bgfj1,,,,
IIBfgjcj,,,,
BCx,,,,
Cj,C,,,
BCorR,R,,,
f,F,,Organic.Horizon,Move
Bht,,Flag,,
IIBmb1,,,,
HB2,Hb2,,Organic.Horizon,
Bi,,Flag,,
BL,,Flag,,
CCA,Cca,,,
Bfe,Bf,,,
Op,O,,Organic.Horizon,
IIAhbg,,,,
BCI,BC1,,,
L3,,Flag,,
IICkg,,,,
BfBg,Bfg,,,
CkIII,Ck3,,,
Bmuk,Bmuk,,,
Bhfub,,,,
2BF,IIBf,,,
An,Ah,,,
Btkgj2,,,,
IVBm4,,,,
Bum,,,,
Lb,,,Organic.Horizon,
Ahk2,,,,
A+CU,,Flag,,
Bm2kj,Bmkj2,,,
Aeu,Aeu,,,
IVCK,IVCk,,,
BCkb,,,,
Bf4x,Bfx4,,,
E,Ae,,,
Bfhk,Bhfk,,,
ACH,Ah,,,
Bhfx,,,,
IVCKG3,IVCkg3,,,
Ckb,Ckb,,,
1,,Flag,,
IICcgj,,,,
IIICkg,,,,
BgbII,Bgb2,,,
IICG,IICg,,,
2CKGJ,IICkgj,,,
IIBhf3,,,,
BHFU,Bhfu,,,
Cyk,,,,
VCk,,,,
CGJ1,Cgj1,,,
CkI,Ck1,,,
Ahfj,Ah,,,
IIBmgj2,,,,
Cgl,,,,
BTJK,Bktj,,,
Bmkb2,,,,
IIBCgb2,,,,
BMgj,Bmgj,,,
Bmb3,,,,
Bfjb3,,,,
4C,IVC,,,
FHb,,,Organic.Horizon,
K,,Flag,,
Btgj1,,,,
Bca2,,,,
BHFGJ,Bhfgj,,,
IIIBmaj,IIIBm,,,
Bf5,,,,
Bmtgj,Btgj,,,
Ahi,Ah1,,,
Bm1?,Bm1,,,
Ckcg,,,,
HFb,,,Organic.Horizon,
OM,Om,,Organic.Horizon,
IVBF,IVBf,,,
Bfb1,,,,
Csca,,,,
Bgj3,,,,
h,H,,Organic.Horizon,Move
Ckg2,,,,
BhfBhfj,Bhfj,,,
IIIBm2,,,,
Cgx,,,,
IIICg3,,,,
IIBCgj2,,,,
2BCC,IIBCc,,,
Aegi,Aegj,,,
Hj,H,,Organic.Horizon,Move
AH2,Ah2,,,
Bt1g,Btg1,,,
Af,Ah,,,
Hdb,Hb,,Organic.Horizon,
AhE,Ahe,,,
BgCg,BCg,,,
C12,C1,,,
"Ah


",Ah,,,
R1,R,,,
BCt2,Bt2,,,
BCtj,Btj,,,
Bngk,,,,
CCa,Cca,,,
IBg,Bg1,,,
IICb2,IICb2,,,
IIIcgjk,IIICgjk,,,
Br1,,Flag,,
Ahb4,,,,
IBC,,,,
Ckgj1,,,,
2BMU,IIBmu,,,
Toowet,,Flag,,
llC,IIC,,,
Blj,,Flag,,
Bfgjtj,,,,
Bfb3,,,,
IIBMGJB2,IIBgjb2,,,
Ak,Ahk,,,
BA1,BA1,,,
Bhsca,Bhsk,,,
Bth,Bt,,,
"BA


BA",BA,,,
BR,,Flag,,
IVBfb,,,,
Ghf,,Flag,,
IIBgt,,,,
BMG2,Bmg2,,,
Bftj,,Flag,,
BtjAB,Bm,,,
Bct,,Flag,,
BBC,BC,,,
Fa,,,Organic.Horizon,Move
BgjCg,BCgj,,,
Colluviu,,Flag,,
IIAh2,,,,
BCcg,,,,
BhF,Bhf,,,
BMBK,Bmk,,,
IIIBmb1,,,,
2BCG,IIBCg,,,
BCk1,,,,
IIBf3,,,,
IHb,Hb,,Organic.Horizon,
IIHbBhf,IIBhfb,,,
AhOh,,Flag,,
Bmjk,Bmk,,,
Ckb3,,,,
Bhgb,,,,
BAg,,,,
Bf1u,Bfu1,,,
IIIBhg,,,,
IIBFB2,IIBfb2,,,
Ahebgj,,,,
Hwb,Hb,,Organic.Horizon,
BtgjC,Btgj,,,
Bin,,Flag,,
AHBK,Ahbk,,,
AheBHf,,Flag,,
HAeb,Aeb,,,
IIAh?,IIAh,,,
IIICca,IIICca,,,
BgC,Bg,,,
BmK,Bmk,,,
IIoh,IIOh,,Organic.Horizon,
BCcaII,,,,
Mb,,Flag,,
CBgj,,,,
C1G,Cg1,,,
Slumped,,Flag,,
LH,LH,,Organic.Horizon,Move
Bh3,,,,
Bh4,,,,
BHF1,Bhf1,,,
Csag,Csag,,,
aH,Ah,,,
Acasa,,Flag,,
IHhb,Hb1,,Organic.Horizon,
AheBh,,Flag,,
Bgjb,,,,
C2g,Cg2,,,
Dw,,Flag,,
AhbII,Ahb2,,,
Bktj,,,,
IIIBt,,,,
Bgy,,,,
Ct,,Flag,,
BCC,BCc,,,
Ahgb,,,,
Bgx,,,,
Ae?,Ae,,,
AehBf,,Flag,,
AhHi,Ah,,,
ABg2,,,,
IIIAeb,,,,
ABBC,,Flag,,
VCgj,,,,
Bfhc,Bhfc,,,
Ahein,Ahe,,,
Hcin,Hc,,Organic.Horizon,Move
Hin,H,,Organic.Horizon,Move
ABgj2,,,,
Bt1gj,Btgj1,,,
2Bgjk,IIBkgj,,,
IIBgk,,,,
Fb,Fb,,Organic.Horizon,
AeBhfB,,Flag,,
softwea,,Flag,,
Bedrock,R,,,
IIAegj,,,,
HiorAh,,Flag,,
AeBh,,Flag,,
IIB,,Flag,,
Bmcj,,,,
CKU,Cku,,,
Hi2,H,,Organic.Horizon,Move
AhI,Ah,,,
Stones,R,,,
Ohli,Oh,,Organic.Horizon,
Omli,Om,,Organic.Horizon,
Btjz,Bztj,,,
b,,Flag,,
Ahgj1,,,,
IIBtg1,,,,
bedrock,R,,,
AeBhf,,Flag,,
Bhfgu,,,,
IICck,,,,
FragR,R,,,
Bhi,Bh,,,
Bm+BCc,Bmc,,,
Ae2gj,Aegj2,,,
IIICca2,,,,
5C,VC,,,
4Bm,IVBm,,,
2Bmgj,IIBmgj,,,
Cqj,Cgj,,,
IIIBM3,IIIBm3,,,
BMC,Bmc,,,
IIBhg,IIBhg,,,
IIBmub,,,,
1???,,Flag,,
Bhfg2,,,,
LFHb2,,,Organic.Horizon,
Ahbca,,,,
BmBf,Bm,,,
FHr,,,Organic.Horizon,Move
B31,,Flag,,
B22,,Flag,,
Bm7,,,,
Bg4,,,,
Cca4,,,,
Bhfu1,,,,
Bhfu2,,,,
RS,R,,,
B+AB,AB,,,
mottles,,Flag,,
AheAe,Ahe,,,
Bmfj,Bm,,,
Bf3Bhf,Bhf3,,,
BhfC,Bhf,,,
BhBf,Bhf,,,
AeBf,,Flag,,
IIBFJGJ,IIBmgj,,,
IICgk,,,,
Ofi,Of1,,Organic.Horizon,
SAe,Ae,,,
B23,,Flag,,
2BMGJ,IIBmgj,,,
BhfHin?,Bhf,,,
IIBh3,,,,
IIIHb,,,Organic.Horizon,
Btku,,,,
F2,,,Organic.Horizon,Move
Ot,O,,Organic.Horizon,
coarsefr,,Flag,,
2ACK,,Flag,,
IIBM2,IIBm2,,,
IICgb,,,,
Bfjh,,,,
Btgk1,,,,
Btjca,,,,
IIBM3,IIBm3,,,
Bnt,,,,
H2,,,Organic.Horizon,Move
BfjBm,Bfj,,,
IIBmgb2,,,,
IIBmh,IIBh,,,
"F,Hr,Hc",FH,,Organic.Horizon,Move
2AB,IIAB,,,
boulders,R,,,
Bgjl,,,,
Ahbu2,,,,
RK,R,,,
Bfjc,,,,
AEJB,Ae,,,
BFU,Bfu,,,
Apksa,,,,
IIIBmk,,,,
O2,O,,Organic.Horizon,
Cxg,,,,
2BHFU,IIBhfu,,,
Bktj2,,,,
c1,C1,,,
2Bmj,IIBm,,,
Bfj3,,,,
#C,IIIC,,,
IIAhgjb1,,,,
Bnj,,,,
GCgj,,Flag,,
Hch,,,Organic.Horizon,Move
IIAeu,,,,
IIBf1,,,,
Bh?,Bh,,,
BCtgj,Btgj,,,
BtjTj,Btj,,,
Bfburn,,Flag,,
Btkgj3,,,,
Bmu3,,,,
Bhfbgj,,,,
Ah+Ae,Ahe,,,
VCkg,,,,
CG1,Cg1,,,
FHB,FHb,,Organic.Horizon,
IIIAE,IIIAe,,,
BCgb2,,,,
Bmku4,,,,
IBmb,,,,
Bpn,,Flag,,
C+BKU,Bku,,,
CK1,Ck1,,,
Bfjy,Byfj,,,
IIOhb,,,Organic.Horizon,
Bm1+Bm2,Bm1,,,
Bfcc,,,,
Bmcc,,,,
Water,W,,,
IVBmb,,,,
Bng,,,,
Bt4,,,,
IIBTGJ,IIBtgj,,,
Omch,Om,,Organic.Horizon,
B+R,Bm,,,
Aey,,,,
VIBCg,,,,
Ohi1,Oh1,,Organic.Horizon,
Ohi2,Oh2,,Organic.Horizon,
IIIBmgj,,,,
IIIBGB,IIIBgb,,,
Char,,Flag,,
CBgj1,,,,
IIAe1,,,,
BC1y,BCy1,,,
Ahj2,,,,
BCKU,Bcku,,,
CgK,Cgk,,,
HII,H2,,Organic.Horizon,Move
Bmfg,Bfg,,,
IICgs,,,,
Bca,Bmk,,,
Abh,Ahb,,,
IVCk,,,,
Fhb,FHb,,Organic.Horizon,
IBM,Bm,,,
Icg,Cg,,,
Aeh?,Ahe,,,
IICca1,,,,
Btjg2,Bgtj2,,,
BK,Bmk,,,
2BCk,IIBCk,,,
IIBfjb1,,,,
AHEU,Aheu,,,
IBg1,Bg1,,,
IAej,Aej,,,
Ckca,,,,
Btb,,,,
Ibg,Bg,,,
46+,,Flag,,
CBca,,,,
Mot,,Flag,,
Ah?,Ah,,,
HARDPAN,,Flag,,
IIICKG2,IIICkg2,,,
Bf2b,Bfb2,,,
bT2,Bt2,,,
Hri,H,,Organic.Horizon,Move
etc.,,Flag,,
IIBCc,,,,
Aejb,,,,
Bfjgj2,,,,
Ggj,Bgj,,,
Ae1b,Aeb1,,,
Bmf?,Bmf,,,
Bgjnj,,,,
3Bt1,IIIBt1,,,
4Bt2,IVBt2,,,
5IIC,VIIC,,,
IIBcb,,,,
Ccca,Cc,,,
2Bf2,IIBf2,,,
IBf1,Bf1,,,
IIBCB,IIBCb,,,
IVBh,IVBh,,,
ae,Ae,,,
BFG,Bfg,,,
IIICatc,,Flag,,
Bb,,Flag,,
kBm,Bmk,,,
2Bhf,IIBhf,,,
2BCc,IIBCc,,,
coalse,,Flag,,
IVBM,IVBm,,,
IIR,IIR,,,
IIBM4,IIBm4,,,
BMGJ2,Bmgj2,,,
IIAH,IIAh,,,
Bgj`,Bgj,,,
Bmgj3,,,,
C+OG+F,,Flag,,
IIBmb4,,,,
IIB2,,Flag,,
IBf3,Bf3,,,
IAE2,Ae2,,,
IIBgj2,,,,
Bgk1,,,,
BTJ2,Btj2,,,
2C1,IIC1,,,
2C2,IIC2,,,
2Ahb,IIAhb,,,
2C3gj,IICgj3,,,
2Bm2,IIBm2,,,
ba,BA,,,
BHFCJ,Bhfcj,,,
IIIBg2,,,,
bg,Bg,,,
Bfthj,,Flag,,
salt,,Flag,,
GCg,Cg,,,
Aecharc,Ae,,,
Bml,Bm1,,,
Ahjgj,,,,
IIBCK2,IIBCk2,,,
Bf2cj,Bfcj2,,,
Aez,,,,
Ahku,,,,
BCy,,,,
BhfBcd,,Flag,,
cK2,Ck2,,,
Hchx,,Flag,,
IIIbtg2,IIIBtg2,,,
Bmy2,Bmy2,,,
Ahsak,,,,
Ahfg,,,,
IIIBC1g,IIIBCg1,,,
Rocks,R,,,
Ckj,,,,
OsOf,Of,,Organic.Horizon,
Bmgjk2,Bmkgj2,,,
Bgm,Bg,,,
Bhfz,,,,
Ahje,Ahej,,,
Bktj1,,,,
BTj,Btj,,,
AhAe,Ahe,,,
IIBFGJ,IIBfgj,,,
CBGJ3,CBgj3,,,
IIIBt2,,,,
Ahs,,,,
IICKG,IICkg,,,
RC,R,,,
HBK,,Flag,,
IIBhf1,,,,
VIIBhf,,,,
IVBmkgj,,,,
BhfAh?,,Flag,,
B+K,,Flag,,
IIBCg1,,,,
IIBCk,,,,
Ar,,Flag,,
Bfcg,,,,
Bgc,,,,
Bmbl,Bmb1,,,
IAehj,Ahej1,,,
IIBMB1,IIBmb1,,,
Btg3,,,,
IVBgj,,,,
Bt32jg,,Flag,,
Cca3,,,,
IICgjk,IICkgj,,,
BgBgj,Bgj,,,
BC1gj,BCgj1,,,
Bhg2,,,,
Bhfg1,,,,
Lfb,LFb,,Organic.Horizon,
Fm1,,,Organic.Horizon,Move
Bgki,Bgk1,,,
Ahgjk,Ahkgj,,,
Cg12,Cg1,,,
BF3,Bf3,,,
Bmgz2,,,,
Cg11,Cg1,,,
III.Ah,Ah3,,,
AheBhf,,Flag,,
ABC,,Flag,,
BhfBC,,Flag,,
2CKG,IICkg,,,
BCa1,Bmk1,,,
IAh2,,,,
Afb,,Flag,,
IIIBm1,,,,
IIIBm2+C,IIIBm2,,,
Cgjn,,Flag,,
Oco,O,,Organic.Horizon,
2Bmg,IIBmg,,,
3Cgj,IIICgj,,,
Hai,,Flag,,
Ha,,Flag,,
3Cg,IIICg,,,
4Cg,IVCg,,,
IIIB,IIIBm,,,
VBgj,,,,
IIBCk2,,,,
IIIBhf,,,,
VIIIB,VIIIBm,,,
IVBhf,,,,
VM,,Flag,,
hb1,Hb1,,Organic.Horizon,
VIBhf,,,,
VBhf,,,,
VB,VBm,,,
BC?,BC,,,
IVB,IVBm,,,
IIB1,IIBm1,,,
CBgj2,,,,
AF,,Flag,,
Bgh2,Bhg2,,,
IIBgf,IIBgf,,,
IIABg,,,,
3CK,IIICk,,,
Bhb2,,,,
IICgjcj,,,,
Ahgj2,,,,
AeB,Ae,,,
AEG,Aeg,,,
IIBtj2,IIBtj2,,,
Bghf,,,,
Ahbx,,,,
Bgk3,,,,
Bmgj4,,,,
SIC2,,Flag,,
Sh,,Flag,,
Ahbu1,,,,
21+,,Flag,,
IIBmgj3,,,,
Bf3gj,Bfgj3,,,
BHFUC,Bhfuc,,,
Seepage,W,,,
VIIBC,,,,
IBfcj,,,,
Ctc,,Flag,,
VIBm,,,,
IIBcc,,,,
VC3,VC3,,,
IIIBT2,IIIBt2,,,
IIBfg,,,,
IBF,Bf,,,
A+C,AC,,,
IIBhf2,,,,
IIBhf4,,,,
VBgf,,,,
2Bg,IIBg,,,
BhfBf,Bhf,,,
AheBm,,Flag,,
3Bm,IIIBm,,,
4Bmg,IVBmg,,,
IIBtb,IIBtb,,,
5Cg,VCg,,,
IVBg1,,,,
IVBg2,,,,
BmG,Bmg,,,
Ahgx,,,,
C2?,C2,,,
Bcg1,,,,
Bf1b,Bfb1,,,
IBm+IIBm,IIBm,,,
Ahzy,,,,
O1,O,,Organic.Horizon,
Aegj1,,,,
Bgfj2,,,,
IVCg4,,,,
Btkj,,,,
Cs,,,,
VC2,,,,
Ahjb,,,,
Bhfg3,,,,
Bkg,,,,
IIIBmg,,,,
IVBg,,,,
AeBH,,Flag,,
Hu1,H1,,Organic.Horizon,Move
Hu2,H2,,Organic.Horizon,Move
VBh,,,,
Bfu1,,,,
IIBtC,IIBt,,,
Ohin,Oh,,Organic.Horizon,
SL,,,Organic.Horizon,Move
BhfBg,Bhfg,,,
B+C,BC,,,
C6,,,,
Rweathe,R,,,
Omb,,,Organic.Horizon,
Aegh,,Flag,,
VAhb,,,,
Bhk2,,,,
IVAeb,,,,
IIIBmgj4,,,,
IIFHib,,,Organic.Horizon,
Bgz,,,,
IICc,,,,
"S,L,H",SLH,,Organic.Horizon,Move
SFqH,SFH,,Organic.Horizon,Move
SLFH,SLFH,,Organic.Horizon,Move
IIBgtj,,,,
C2y,Cy2,,,
IIBtgj2,,,,
OhHd,Oh,,Organic.Horizon,
Sap.,,Flag,,
IICb1,,,,
Bmg3,Bg3,,,
Bgcab,,Flag,,
AeBmBC,,Flag,,
BmBmg,,Flag,,
AeBmBh,,Flag,,
BfcBhfg,,Flag,,
Bmgu,,,,
B+CU,Bcu,,,
Bfyj,,,,
bM,Bm,,,
AhBmg,,Flag,,
BmBf2,Bf2,,,
2BCcj,IIBCcj,,,
AhgHin,,Flag,,
Ahjeu,Aheju,,,
IAhe,,,,
Bfu2,,,,
"Bm


Bm",,,,
BMCJ,Bmcj,,,
Aejh,Ahej,,,
C1gj,Cgj1,,,
2BCgj,IIBCgj,,,
"Bf,Bm",Bf,,,
3BCg,IIIBCg,,,
Bgjf,Bfgj,,,
Bfji,Bfj1,,,
S+R,,Flag,,
IIBMB2,IIBmb2,,,
Bmk4,Bmk4,,,
Ckx,,,,
Bkg2,,,,
C1?,C1,,,
BmBC,Bm,,,
Bhk1,,,,
VIIC2,,,,
AHY,Ahy,,,
Bca3,Bmk3,,,
"BC


BC",,,,
Humus,LFH,,Organic.Horizon,Move
BFM,Bf,,,
CkR,Ck,,,
Placic,Bfc,,,
Aeq,Ae,,,
Humicb,,Flag,,
AEGJ,Aegj,,,
Bfgc,,,,
Abgj,,,,
Faq,,,Organic.Horizon,Move
Bmb4,,,,
Ahuk,,,,
AeCgj,,Flag,,
Acasa2,,,,
IIBC3,,,,
Ah1kg,Ahkg1,,,
Aew,,,,
C3g,Cg3,,,
Bhg1,,,,
Marl,,Flag,,
Hb3,,,Organic.Horizon,
IIIBmb5,,,,
H2mycel,H,,Organic.Horizon,Move
B1C,BC1,,,
Bmb6,,,,
IIBc,IIBmc,,,
Ohb2,,,Organic.Horizon,
Ahub,,,,
OmOh1,Om,,Organic.Horizon,
Fy,,,Organic.Horizon,Move
Csak,,,,
Bms,,,,
Bfv,,,,
BHB,Bhb,,,
Fq1,,,Organic.Horizon,Move
Aebg,,,,
Fh1,FH1,,Organic.Horizon,Move
ah3,Ah3,,,
Bmqj,Bmgj,,,
IICkb,,,,
BCX,BCx,,,
SFH,SFH,,Organic.Horizon,Move
BFGJ2,Bfgj2,,,
AhjBfc,,Flag,,
Ckgj3,,,,
Bct2,Btc2,,,
Hr2,,,Organic.Horizon,Move
Hr1,,,Organic.Horizon,Move
"Ahj


Ahj",,,,
Hiw,Hw,,Organic.Horizon,Move
BCh,,Flag,,
Bmx3,,,,
AhBmO,,Flag,,
L1,,Flag,,
I.Aeb,Aeb1,,,
IVH,,Flag,,
72+,,Flag,,
CBtj,Btj,,,
Bmx2,,,,
BmBhfg,,Flag,,
IIIBc,IIIBmc,,,
IIBfc,,,,
IIBmaj,IIBm,,,
AEGB,Aegb,,,
Bfcu1,,,,
Bhfcu,,,,
Bfcu2,,,,
Sand,,Flag,,
IIOcob,IIOb,,Organic.Horizon,
Hbk,Hb,,Organic.Horizon,
??,,Flag,,
Bhgf,,,,
Bhf?,Bhf,,,
C+OG+M,,Flag,,
HrAhv,,Flag,,
Aejv,,,,
Bf2g,Bfg2,,,
Btgz,,,,
Bhjb,,,,
Cgk3,,,,
kAe,Aek,,,
IIBtc1,,,,
VBmk4,,,,
Aebj,Aejb,,,
IIBTC,IIBtc,,,
IC4,C4,,,
I.Ahj,Ahj,,,
Bmbg,,,,
2BhBg,IIBhbg,,,
Bhb1,,,,
Mm,,Flag,,
IVCca,,,,
Rbroken,R,,,
IIIIBgk,IVBgk,,,
IIIBfb,,,,
VIIIC,,,,
BTG,Btg,,,
IIAEJB,IIAejb,,,
Bfk,,,,
4,,Flag,,
IIBF1,IIBf1,,,
Bm2`,Bm2,,,
Bhcj,Bhcj,,,
IIBCg3,IIBCg3,,,
C+O,,Flag,,
BCck,,,,
Bgfc,,,,
Hlib,Hb,,Organic.Horizon,
AejBh,,Flag,,
IIIBfjb2,,,,
Bf3Ii,Bf3,,,
BhHc,Bhc,,,
Bfjbc,,,,
Bmbk,Bmkb,,,
A2,,Flag,,
IIBm2k,IIBm2k,,,
2BMBK,IIBmkb,,,
TEPHRA,,Flag,,
IIICB,,,,
bM2,Bm2,,,
Hbi,Hb,,Organic.Horizon,
CBGJ4,CBgj4,,,
Bmh1,Bm1,,,
IIBgb1,,,,
ABBCg,,Flag,,
Bhfe,,,,
IIBMG,IIBmg,,,
Bt3g,Btg3,,,
AegBgf,,Flag,,
BCd,BC,,,
IIBCG,IIBCg,,,
CCCA,Cca,,,
As?,,Flag,,
AeHi,Ahe,,,
AeBhc,,Flag,,
ABAB,AB,,,
BAB,BA,,,
BhOh,Bh,,,
BgBhg,Bhg,,,
Bu,,Flag,,
Bcg2,BCg2,,,
Bmz2,Bmz2,,,
AHEK,Ahek,,,
Ahey,Ahey,,,
IIBh,,,,
ICb,Cb,,,
Oh12,Oh1,,Organic.Horizon,
CCg,Ccg,,,
AegBg,,Flag,,
Bfhu,Bhfu,,,
Ohi,Oh1,,Organic.Horizon,
CSap,Csa,,,
Hc2,,,Organic.Horizon,Move
IVCgj,,,,
Iibg,,Flag,,
Hc3,,,Organic.Horizon,Move
Btca,,,,
colluvia,,Flag,,
Aht,,Flag,,
IIIBG,IIIBg,,,
Bcgjk,,,,
Bq,,Flag,,
Sapro,,Flag,,
Hc,,,Organic.Horizon,Move
Hrli,Hr,,Organic.Horizon,Move
BHFC,Bhfc,,,
Ahb6,,,,
IBmu,Bmu,,,
IIBCbjj,IIBCb,,,
Cgz,,,,
C2k,Ck2,,,
Btkc,,,,
Begj,Aegj,,,
ABgj1,Bgj1,,,
IICkgj,,,,
Bhfcb,,,,
Ahp,Ah,,,
CG2,Cg2,,,
OmC,Om,,Organic.Horizon,
Bmkg1,,,,
h2,H2,,Organic.Horizon,Move
hr,Hr,,Organic.Horizon,Move
VIICg,,,,
BCa2,BCca2,,,
AeBhfgj,,Flag,,
1Bgjk,Bmkgj,,,
Aegjh,Ahegj,,,
Bhe,Bh,,,
BC46,BC4,,,
BHf,Bhf,,,
BAgj,Bgj,,,
IIBmck,,,,
Bgcab2,,,,
IC3,C3,,,
Cy,,,,
IIBfgjb,,,,
AeBhe,Ahe,,,
AhejOh,,Flag,,
BhOm,,Flag,,
iibT,IIBt,,,
1Ae,Ae,,,
1Bf,Bf1,,,
2Bf,Bf2,,,
Bfm1,Bf1,,,
2BHFC,IIBhfc,,,
BFJCJ,Bfjcj,,,
Bfjk,,,,
BCgz,,,,
Fg,,Flag,,
Bx,Bmx,,,
MARHL,,Flag,,
IIBhfb,,,,
Bfxj,,,,
SOm,,Flag,,
Bfgh,,,,
Bmnj,Bhfg,,,
BgbIII,Bgb3,,,
Bmkc,,,,
Btkg,,,,
IIIBCg2,,,,
IIBtjk,,,,
IIIBfgjb,,,,
BMBU,Bmb,,,
Bmhkj,Bhkj,,,
Aei,Ae1,,,
Bm2b,Bmb2,,,
Om3,,,Organic.Horizon,
IIBMGJB1,IIBmgjb1,,,
BmBf1,,Flag,,
BCtg1,Btg1,,,
IIAhg,IIAhg,,,
Ash2,,Flag,,
Ahnj,,,,
AHBKU,,Flag,,
Layer2,,Flag,,
B??u,,Flag,,
IIICg2,,,,
IIIBgb,,,,
Sfai,,Flag,,
IIBtjgj1,,,,
?Bhf,Bhf,,,
IICk2,,,,
Bfjm,Bfj,,,
D.WOOD,,Flag,,
IIBtca,,,,
charcoal,,Flag,,
IIBm4,,,,
ivC,IVC,,,
BTGJ,Btgh,,,
Bm?Bhf,Bhf,,,
bFGJ,Bfgj,,,
Hz,H,,Organic.Horizon,Move
B&C,BC,,,
Ahegj,,,,
BAk,,,,
BfjI,,,,
Ibhgj,Bhgj,,,
w,W,,,
BmAhe,,Flag,,
OfOmOhj,Of,,Organic.Horizon,
BCII2,BC2,,,
ICgj,Cgj,,,
IIIBMGJ2,IIIBmgj2,,,
Agh,Ahg,,,
HAeb3,Aeb3,,,
BhfBm,Bhf,,,
IICG2,IICg2,,,
BmgjI,Bmgj1,,,
ICE,,Flag,,
Btx,Btx,,,
BfAeu,,Flag,,
B+CK,BCk,,,
Ab1,Ahb1,,,
Bgnj,Bgnj,,,
AHEF,Ahe,,,
IIIAhbg,IIIAhgb,,,
IIBM1,IIBm1,,,
ah1,Ah1,,,
IIBtj1,,,,
Bm6,,,,
c2,C2,,,
Bgsca,,,,
Ahgo,Ahg,,,
Mtkgj2,,Flag,,
ABhm,Bh,,,
IIIBCK,IIIBCk,,,
Bmjb,Bmb,,,
Bl,,Flag,,
Rh,,Flag,,
Hinb,Hb,,Organic.Horizon,
BCa,BCca,,,
ACbg1,,Flag,,
Bhn,,,,
Bmkg,,,,
ABu,,,,
BCca1,,,,
BCgb1,,,,
IIIBmgj1,,,,
1C,C1,,,
IIBtjgj2,,,,
Ahkb2,,,,
IVBCg,,,,
VIBm6,,,,
BFj,Bfj,,,
Bhfp,,,,
BTK,Btk,,,
IIAeg,,,,
BmorC1,Bm,,,
VICgi,,,,
2CGJ,IICgj,,,
IIAE,Ae2,,,
Bmkb,,,,
CgI,Cg1,,,
C+FB,BC,,,
IIBmgjb1,,,,
BCgjII,,,,
Ahfb,Ahb,,,
BKG,Bgk,,,
Bhfb1,,,,
Aeb1,,,,
Bhfb2,,,,
Aeb2,,,,
BMF,Bf,,,
Cb4,,,,
Dv,,Flag,,
bm3,Bm3,,,
IVCgk,,,,
ah2,Ah2,,,
Bp,Ap,,,
Ahbca2,,,,
AeE,Ae,,,
Bgjfj,,,,
IIIBmgj2,,,,
BCCa,BCca,,,
Aw,Ae,,,
Rk,R,,,
Ahu1,,,,
Bjf,Bfj,,,
BmC,Bm,,,
BCII1,IIBC1,,,
CBm2,Bm2,,,
IICcac,IICca,,,
AHU,Ahu,,,
BMK2,Bmk2,,,
Ahez,,,,
Bcx,BCx,,,
Ah3b,Ahb3,,,
Hhbi,Hb,,Organic.Horizon,
2BHF,IIBhf,,,
IIBHF,IIBhf,,,
Btgi1,Btgj1,,,
Bhfc2,,,,
BhF2,Bhf2,,,
Ae2g,Aeg2,,,
VIBmgj,,,,
IIIBFB,IIIBfb,,,
Silt,,Flag,,
HAh1,Ah1,,,
AHj,Ahj,,,
BFH,Bhf,,,
RF,R,,,
NR,,Flag,,
IIAhb1,IIAhb1,,,
Fb1,,,Organic.Horizon,
Bhfc1,,,,
BCgAb,,Flag,,
Bmky,,,,
Bfhg,Bhfg,,,
Bgb4,,,,
IVBmgj2,,,,
IIICu,,,,
CKZ,Ckz,,,
Bft3,Bm3,,,
IVBC2,,,,
IIIBC1,,,,
Aej1,BCg1,,,
BC1g,,,,
Btjgj1,,,,
HI,H,,Organic.Horizon,Move
Ahebg,,,,
BKg,Bkg,,,
3,,Flag,,
BC2k,BCk2,,,
Bt2g,Btg2,,,
Age,Ahe,,,
Bgtjfj,Bg,,,
Ahz,,,,
BCgt,Btg,,,
II.Bmb,IIBmb,,,
BC2g,BCg2,,,
Ahgjb,,,,
LHF,LFH,,Organic.Horizon,Move
Bgs,,,,
Bmku,,,,
IIIBmk2,,,,
a,,Flag,,
Csg,,,,
Ah4,,,,
VIBcb,IVBCb,,,
CBGJ,CBgj,,,
Bft,Bm,,,
IIHhib,Hb,,,
Bca1,Bmk1,,,
IIAejb,,,,
CHARCOAL,,Flag,,
IICB1,,,,
e,Ae,,,
Bm2gj,Bmgj2,,,
IVR,,,,
BFGJ1,Bfgj1,,,
ICg1,,,,
IIBmb2,,,,
Ae2b,Aeb2,,,
Bci,BC1,,,
CL,,Flag,,
COg,,Flag,,
Bz,Bmz,,,
IIBCa,IIBmk,,,
Bak,Bmk,,,
Bmcj2,,,,
Bfcj1,,,,
Bmtg,Bmtj,,,
Bmj2,Bm2,,,
IIIBGFB,IIIBgfb,,,
Ckj2,Ckj2,,,
Cgb2,,,,
Ckjg1,Cgkj1,,,
Ckjg2,Cgkj2,,,
Ckj1,,,,
Bm2g,Bmg2,,,
Bmkgj,,,,
IVCkg,,,,
Cgsak2,,,,
Co1,C1,,,
Bm1gj,Bmgj1,,,
Co2,C2,,,
Ckb4,,,,
Chg,,Flag,,
Bgjh,Bhgj,,,
RO,R,,,
Bhfgj2,,,,
Aef,Ae,,,
NOSOIL,,Flag,,
BCt,Bt,,,
VAh,Ah5,,,
BCskg,,,,
Bhfej,Bhf,,,
2CG,IICg,,,
IIAhbgj1,,,,
IIAhbgj,,,,
IVAheb,,,,
Btgk2,,,,
Aehgj,Ahegj,,,
HAeb4,Aheb4,,,
2Bgk,IIBgk,,,
Bem,Bm,,,
Bfjhj,Bhjfj,,,
IVBmgjb2,,,,
2BMCJ,IIBmcj,,,
IIAhkb,IIAhkb,,,
BHFC1,Bhfc1,,,
BHFC2,Bhfc2,,,
IIIBtj,,,,
IIBfc1,,,,
Bfgq,Bfg,,,
IICB2,,,,
IIBmgjb2,,,,
IIBCgb1,,,,
Bm+,Bm,,,
IIBA,,,,
BHFB,Bhfb,,,
Bfy,,,,
Btgi,Btgj,,,
IIICb,,,,
BHC,Bhc,,,
Bmg?,Bmg,,,
SIL,,Flag,,
IIBFGJ1,IIBfgj1,,,
C7,,,,
Bmbu,,,,
VBcb,VBCb,,,
IIBHFJ,IIBhfj,,,
BmKB2,Bmkb2,,,
BGBK,Bg,,,
II.Bm,IIBm,,,
PEH,,Flag,,
?CK,Ck,,,
Fm2,,,Organic.Horizon,Move
2BCKGJ,IIBckgj,,,
BGJ,Bgj,,,
BCE,,,,
IIOhk,IIOh,,Organic.Horizon,
SR,,,,
RxC,C,,,
Btg?,Btg,,,
Bnk,,,,
IIIBtgj,,,,
Cgt,,Flag,,
Bhfgc,,,,
ABg1,,,,
IIAhbkg,,,,
IIBmgjb,,,,
BN,Bn,,,
Lf,LF,,Organic.Horizon,Move
1Cg,Cg1,,,
OC,O,,Organic.Horizon,
IIIBfjb,,,,
VICgj,,,,
Cc2,,,,
Cc1,,,,
BtAe2,,,,
Cgj6,,,,
IIAEB,IIAeb,,,
BmORCk,BCk,,,
FS,Fs,,Organic.Horizon,Move
Ahl,Ah1,,,
IIBt3,,,,
IIBfu,,,,
AhbBm,,Flag,,
Cka,,,,
BFBU,Bfbu,,,
ABY,Aby,,,
Ahkb1,,,,
IIIBMGJ,IIIBmgj,,,
IVBMGJ,IVBmgj,,,
IIBFB1,IIBfb1,,,
IIAhgjh,IIAhgj,,,
Bmgju,,,,
IIBmbg,,,,
2BCX,IIBCx,,,
Aehu,Aheu,,,
2BCKB,IIBCkb,,,
IIIBg1,,,,
IIAh1,,,,
CO,,Flag,,
BgH,Bhg,,,
SAP,Ap,,,
IVBhgj,,,,
CO2,C2,,,
CO1,C1,,,
IIIAhgj,,,,
BC58+,BC,,,
AH1,Ah1,,,
Cfg2,,,,
Ahubk,,,,
IVCK1,,,,
Bg2ca,Bgk2,,,
BCtg,Btg,,,
ACKG,Ackg,,,
VAhgjb4,,,,
VIAhb,,,,
IAe1,Ae1,,,
1Bah,,Flag,,
Btjgj3,,,,
BmAeb,,Flag,,
CA,CA,,,
Cgbj2,Cgb2,,,
Bmx,Bmx,,,
IIIBf3,,,,
Bhnj,,,,
Ahcab,Ahkb,,,
BmBh?,Bm,,,
VIIC,,,,
IIBCb,,,,
BMG,Bmg,,,
BGJEJ,Bmgj,,,
CBg,,,,
Bf12,Bf1,,,
Akhj,Ahkj,,,
bGJ2,Bgj2,,,
Rubble,R,,,
Beg,Bg,,,
Aehj?,Ahej,,,
A+B,AB,,,
BFCG,Bfcg,,,
IIBmu,,,,
?C,C,,,
"Bg


Bg",,,,
Btkgj,,,,
AE1,Ae1,,,
Ahhb2,Ahb2,,,
IBm3,Bm3,,,
Bge,Bg,,,
IIAegb,,,,
Ahcab2,,Flag,,
Bmgjb,,,,
gi,,Flag,,
C2G,Cg2,,,
Ckg4,,,,
Bhfj1,,,,
2BFGJ,IIBfgh,,,
BhfBhjf,Bhf,,,
BGF,Bgf,,,
BfBfj,Bf,,,
IIBFCJGJ,IIBfcjgj,,,
Ahgk,,,,
Gq1,,Flag,,
Aehg,Aheg,,,
BtII,Bt2,,,
Bhffh,Bhf,,,
2B,,Flag,,
Ah2k,Ahk2,,,
Bfjb2,,,,
CB2,,,,
Omib,Omb,,Organic.Horizon,
IIICca1,,,,
HHb,Hb,,Organic.Horizon,
AHKB,Ahkb,,,
IIIF,,Flag,,
CKc,Ckc,,,
Ahsa,,,,
m,,Flag,,
VIIBm7,,,,
Ahk3,,,,
Bfjcg,,,,
Bw,,Flag,,
Blgj,Bgj,,,
VC1,,,,
Ccak,,,,
SILTb,,Flag,,
IIBtg2,,,,
Bhg3,,,,
Ahb5,,,,
Bmo,Bm,,,
Bhfj2,,,,
Coal,,Flag,,
IBf2,Bf2,,,
Asg,,Flag,,
IIIBmKb,IIIBmkb,,,
ac,AC,,,
IIBcgj,IIBcgj,,,
IIBfjb,,,,
BGJ2,Bgj2,,,
C+,C,,,
"Bm,BC",Bm,,,
A&B,AB,,,
hassom,,Flag,,
BMB1,Bmb1,,,
Bpn2,Bn2,,,
BCkI,BCk1,,,
IIBC1g,IIBCg1,,,
BKgtg2,,Flag,,
Ap2,,,,
Ap1,,,,
Bmkb1,,,,
IIIBhfb,,,,
sand,,Flag,,
Ccagj,,,,
B2C,IIBC,,,
Bcca,Bck,,,
LFHb1,,,Organic.Horizon,
Gb,,Flag,,
Bhbgj,,,,
Ahbs,Ahb,,,
II,,Flag,,
IIgj,,Flag,,
AEX,Aex,,,
IIBmg3,,,,
BhC,Bh,,,
BCCG,BCcg,,,
Bcfj,Bfjc,,,
IIAhei,IIAhe,,,
BfbII,Bfb2,,,
Bcgj2,BCgj2,,,
BEDROCK,R,,,
Ohz,Oh,,Organic.Horizon,
IIBCgjk,,,,
Bhjfj,,,,
BCGJB,BCgjb,,,
IBk,Bmk1,,,
IIOf,,,Organic.Horizon,
IIIOm,,,Organic.Horizon,
IOf,,,Organic.Horizon,
IIIBtfb,,Flag,,
Bv2,,,,
FHm,FmH,,Organic.Horizon,Move
Dk,,Flag,,
CBGJ2,CBgj2,,,
IIIG,,Flag,,
OfCg,Of,,Organic.Horizon,
IIG,,Flag,,
Ahei,Ahe1,,,
Ccsg,,,,
Bkb,Bmkb,,,
IIIBfj,,,,
Ahe?,Ahe,,,
Bthg,Btg,,,
mottle,,Flag,,
IIIBtk1,,,,
IAb,,Flag,,
LFb,,,Organic.Horizon,
Ahu2,,,,
Cgf,,Flag,,
IIIC+Ahb,Ahb,,,
IIAhgb,,,,
Bgkb1,,,,
CHb,,Flag,,
4Ah,IVAh,,,
OHb,Ohb,,Organic.Horizon,
Ahwood,,Flag,,
Bta,,,,
Apca,Apk,,,
ABCU,,Flag,,
Bts,Bt,,,
iiiC,IIIC,,,
Lv,,,Organic.Horizon,Move
Ahejb,,,,
Bfcc2,,,,
Bfcc1,,,,
Bfh3,Bhf3,,,
IIBtjgj,,,,
Oh?,Oh,,Organic.Horizon,
On,Oh,,Organic.Horizon,
Btn,Bnt,,,
BCBGJ,,Flag,,
BCgII2,BCg2,,,
IIBgb2,,,,
IIBtgj1,,,,
IBh,Bh1,,,
IIIBtk,,,,
BFJU,Bfju,,,
BhC2,Bhc2,,,
Bgb3,Bgb3,,,
IIIBCk,,,,
Aha,Ah,,,
IIBCGJ,IIBCgj,,,
Chj,C,,,
DBR,,Flag,,
AN,,Flag,,
Bmjk1,Bmk1,,,
AhbI,Ahb1,,,
CV,VC,,,
CVI,VIC,,,
CIV,IVC,,,
IVAhb1,,,,
H3k,,Flag,,
AhbIII,,,,
IIIAhgjb,,,,
Ahsca,Ahsk,,,
CGJ2,Cgj2,,,
Os,O,,Organic.Horizon,
Bctg,,Flag,,
Fab,Fb,,Organic.Horizon,
CgIV,Cg4,,,
Btgjk,,,,
Bt2gj,,,,
AEJGJ,Aejgj,,,
Aejd,Aej,,,
Bgb2,,,,
IVBFGB,IVBfgb,,,
IIBCK1,IIBCk1,,,
AHEB,Aheb,,,
fh,FH,,Organic.Horizon,Move
k,,Flag,,
IIAhb2,,,,
BU,,Flag,,
2Ck,IICk,,,
BHFB2,Bhfb2,,,
IIBfj1,,,,
ALg,,Flag,,
Bmfj2,,,,
Bma,,,,
Ahnjgj,,,,
IIBT,IIBt,,,
BCgII,BCg2,,,
Bfn,,,,
IIBfjb2,,,,
IVAe,Ae4,,,
IIIAhkb,,,,
Void,,Flag,,
IIBfh,IIBhf,,,
IIBfhgj,IIBhfgj,,,
Cv,,,,
IVAhgjb3,,,,
Afj,,Flag,,
ICca,Cca1,,,
2BT,IIBt,,,
ICK,Ck1,,,
2BMB,IIBmb,,,
ABh2,,Flag,,
ABh1,,Flag,,
fH,FH,,Organic.Horizon,Move
IIBtk2,,,,
IVBmk3,,,,
Bfkgj1,,,,
IIIBmb2,,,,
IIAhe,,,,
BMKB,Bmkb,,,
Bgk4,,,,
Atj,,Flag,,
Aeb1Bfb,,Flag,,
BVh,Bh5,,,
Csk,,,,
Ahbgj,,,,
CD,C,,,
IVCG,IVCg,,,
IVBtk2,,,,
VBmgjb3,,,,
Bfjtj,,,,
Bmck,,,,
IIBTg,IIBtg,,,
darkband,,Flag,,
Gravel,R,,,
Bfhj2,Bhfj2,,,
Bme,Bm,,,
Bf`,Bf,,,
Ccag,,,,
Bktjk,Bmk,,,
Hdi,H,,Organic.Horizon,Move
Ow,O,,Organic.Horizon,
BIICb,IIBCb,,,
kBfj,Bfjk,,,
BDh,,Flag,,
Ahbke,Ahebk,,,
IAsh,,Flag,,
Bhkj2,,,,
Btjgj2,,,,
Fz,,,Organic.Horizon,Move
Cg?,Cg,,,
IVBh+C,IVBh,,,
IIIBh+C,IIIBh,,,
Bfcjgj,,,,
Acg,ACg,,,
ABh3,AB3,Flag,,
Hdr,H,,Organic.Horizon,Move
Bmca1,,,,
IIIBmB,IIIBmb,,,
IICg3,,,,
Bbg,Bgb,,,
Btgji,Btgj1,,,
AhgI,Ahg1,,,
P,,Flag,,
IICf,,Flag,,
iVCg,IVCg,,,
Ccgj,Ccgj,,,
bG,Bg,,,
ABH,AB,,,
BTJGJ,Btjgj,,,
C1g,Cg2,,,
IIBmKb,,,,
Bhfcg,,,,
Ahh,Ah,,,
BmgjII,Bmgj2,,,
IIBt4,IIBt4,,,
Ahbgk,,,,
Ro,R,,,
AhB,Ah,,,
Aejx,,,,
BChAh?,,Flag,,
Aeg1,,,,
BCH,BC,,,
CBk,,,,
BI,,Flag,,
IIIAcgb,,Flag,,
BmbII,Bmb2,,,
Bmgjc,,,,
VIBM,VIBm,,,
3Bgjk,IIIBgjk,,,
H4,H4,,Organic.Horizon,Move
Bmjgj,Bmgj,,,
VBmgj3,,,,
IIIBC2g,IIIBCg2,,,
Bmgb,,,,
BCu1,,,,
Bgjhb,Bhgjb,,,
Oh3Bg,Oh3,,Organic.Horizon,
BGH,Bhg,,,
Bmjg,Bmg,,,
IIHib,,,Organic.Horizon,
Sl,,Flag,,
Bgj3b,,,,
CBK,CBk,,,
Ckb1,,,,
IIAhKb,IIAhkb,,,
IVCg1,,,,
iicG,IICg,,,
Bfh+Bm,,Flag,,
2BCU,IIBCu,,,
Ic1,C1,,,
iC,C1,,,
BCkg,,,,
Bskgj,Bmksgj,,,
Bfx,,,,
BHG,Bhg,,,
OF,Of,,Organic.Horizon,
Bej,Aej,,,
Ahkb3,,,,
Bm#,Bm3,,,
Ae`,Ae,,,
Cu,C,,,
ICg2,Cg2,,,
Bfhb2,Bhfb2,,,
Bfhb1,Bhfb1,,,
Bfhb3,Bhfb3,,,
LFb1,,,Organic.Horizon,
Bmj1,Bm1,,,
llC2,,,,
IIBhb,,,,
IAhj,,,,
LFb2,,,Organic.Horizon,
llC1,,,,
IIHh,Hh2,,Organic.Horizon,Move
MC,,Flag,,
IIAhbk,,,,
Bmzy,,,,
GG,,Flag,,
Btfjgj,,,,
Ah+Ahe+A,Ahe,,,
BmBtj,Btj,,,
BFBG,Bfg,,,
Boulder,R,,,
Ahbk2,Ahkb2,,,
BC1Bm,Bm,,,
Ckb2,Bkb2,,,
AEH,Ahe,,,
Bhjg,,,,
Cki,Ck1,,,
Bgh1,Bhg1,,,
BHFBG,Bhfg,,,
Cn,Cn,,,
CG3,Cg3,,,
M1,,Flag,,
M2,,Flag,,
IIB3,IIBm3,,,
Bkgj2,,,,
IIAHGJB,IIAhgjb,,,
BCG1,BCg1,,,
BTG2,Btg2,,,
C1k,Ck1,,,
IIBG,IIBg,,,
Cgjk3,Ckgj3,,,
BHFGB,Bhfgb,,,
BCcj1,BCcj1,,,
IIBf4,,,,
BHFCG,Bhfcg,,,
Btgk,,,,
CorBt,BC,,,
BDII,,Flag,,
frozen,,Flag,,
AHGJ,Ahgj,,,
Bgjz,Bgjz,,,
BG2,Bg2,,,
BG1,Bg1,,,
BCGJK2,BCgjk2,,,
IIAebgj,IIAebgj,,,
Btorx,,Flag,,
BP,,Flag,,
IIIAhb2,IIIAhb2,,,
ICB,BC1,,,
bgj,Bgj,,,
IIAek,,,,
IIBmgb1,,,,
VIIIBm8,,,,
BCG2,BCg2,,,
VBC,,,,
BH1,Bh1,,,
BH2,Bh2,,,
Cg6,,,,
IIIBmgjb,,,,
BmkC,Bmk,,,
BCtk,Btk,,,
BCu2,,,,
IIBMKB1,IIBmkb1,,,
R28,R,,,
CkG,Ckg,,,
OH1,Oh,,Organic.Horizon,
BCK1,BCk1,,,
OF1,Of1,,Organic.Horizon,
OF2,Of2,,Organic.Horizon,
L4,,Flag,,
Bum2,Bmu2,,,
Bgkj,,,,
IBgb,Bgb1,,,
Bhkj1,,,,
BCGK,BCgk,,,
Ahgi,Ahg1,,,
VBCg,,,,
AEKG,Aeg,,,
Cuk1,,,,
IIIBmkgj,,,,
Ohb1,,,Organic.Horizon,
BMY,Bmy,,,
IVBt,,,,
Btl,Bt1,,,
Bmgjtj,,,,
Bccj,BCcj,,,
2CR,IIC,,,
IIBMKB2,IIBmkb2,,,
AhAej,Ahej,,,
IIIBTGJ2,IIIBtgj2,,,
IIBmt,,,,
Afh,Ah,,,
IIBCk1,,,,
BCm,Bm,,,
Cgbj1,Cgjb1,,,
BCfj,Bfj,,,
Baj,Bmj,,,
IVCb,,,,
Bfkj,,,,
Bmgjb2,,,,
Bmji,Bm1,,,
Fzb,Fb,,Organic.Horizon,
IVCg2,,,,
Cuk2,,,,
BCgju,,,,
IAh3,Ah3,,,
A2+B,,Flag,,
Bkgi,Bgjk,,,
Aph,Ap,,,
Btji,Btj1,,,
BTKG,Btg,,,
BMII,Bm2,,,
"BMBC


",Bm,,,
IIBCgb,,,,
BFJMII,Bm2,,,
BCFJ,Bfj,,,
BCFJII,Bfj2,,,
BFJM,Bfj,,,
IBtg,,,,
Bmz1,,,,
IIICgk,,,,
IIAbg,IIAhbg,,,
BCtg2,Btg2,,,
Ahgz,,,,
H+Bm,Bm,,,
BaII,,Flag,,
IIBtkg,,,,
IIBkj,IIBmkj,,,
IIIbg,IIIBg,,,
Aheub,,,,
BKgtg1,Btgk1,,,
Btjfj,,,,
Bfjcgj,,,,
3BCK,IIIBCk,,,
Ls,,,Organic.Horizon,Move
BgK,Bgk,,,
ahej,Ahej,,,
HrR,,Flag,,
IIBtgz1,,,,
Cgk5,,,,
Abg,Aegb,,,
BCmfjII,Bfj2,,,
BfjII,Bfj2,,,
BmB,Bmb,,,
BCfc,Bfc,,,
BCmgjII,Bmgj2,,,
BCmgj,Bmgj,,,
IIBCkb,,,,
Ash?,,Flag,,
BC2gj,BCgj2,,,
HAh,Ah,,,
Apk,,,,
Bm2Bt,Bt2,,,
VCg5,,,,
Bmb5,,,,
brkrock,R,,,
Fm,,,Organic.Horizon,Move
2ABU,IIABu,,,
Abe,Ahe,,,
Bmgz1,,,,
IIIBTGJ1,IIIBtgj1,,,
IVBmb1,,,,
IVBfcj,,,,
Bhf??,Bhf,,,
C1y,Cy1,,,
Cca1u,Ccau1,,,
AhejH,Ahej,,,
BHBK,Bhk,,,
hb2,Hb2,,Organic.Horizon,
Bri,,Flag,,
AheH,Ahe,,,
Bfjgj1,,,,
Ahbj,Ahjb,,,
Ae3Btj,,Flag,,
Bm3b,Bmb3,,,
Obh,Oh,,Organic.Horizon,
Bmyz,,,,
Bfgju,,,,
BgbI,Bgb1,,,
IVBmb6,,,,
saltbla,,Flag,,
Bk3,Bmk3,,,
Btjk2,,,,
IICKG1,IICkg1,,,
A+CK,,Flag,,
Cmgj,Bmgj,,,
IIBMC,IIBmc,,,
BtAhbf,,Flag,,
As,,Flag,,
C+BKUGJ,,Flag,,
Bfd,Bfb,,,
BGJH,Bhgj,,,
BCkII,BCk2,,,
IIRC,R,,,
Bmca3,Bmk3,,,
Bhigj,Bhjgj,,,
Ahij,Ahej,,,
BMGJX,Bmgjx,,,
BGB,Bgb,,,
IIBmz,,,,
IIBCgj1,,,,
CcK,Cck,,,
OV,O,,Organic.Horizon,
BA2,,,,
VBf3,,,,
C+HKB,,Flag,,
bm2,Bm2,,,
IICq,IIC,,,
B+ABU,,Flag,,
BFJG,Bgfj,,,
FC,,Flag,,
Bmfj1,,,,
Aej2,,,,
Bfhu1,Bhfu1,,,
Bfhu2,Bhfu2,,,
Bgu1,,,,
Bgu2,,,,
IVCGJ,IVCgj,,,
IIIAheb,,,,
Aeug,,,,
Re,R,,,
BCKB,BCkb,,,
BFw,Bfw,,,
Cgk4,,,,
CR?,C,,,
BFCB,Bfcb,,,
HC,Hc,,Organic.Horizon,Move
AhC,Ah,,,
BCBK,BCk,,,
AHBGJ,Ahgjb,,,
H1,,Flag,,
CkII,Ck2,,,
AeJ,Aej,,,
Btfj1,,,,
Bmgjk1,Bmkgj1,,,
VCKG,VCkg,,,
coarse,,Flag,,
ACu,ACu,,,
Bgje,Bgj,,,
BMBKU,Bmku,,,
Moss,S,,Organic.Horizon,Move
IIHAh,,Flag,,
IIBhfu,IIBhfu,,,
IIACg,IIACg,,,
CKgj,Ckgj,,,
IIBG2,IIBg2,,,
CHAR,,Flag,,
AheBfj,,Flag,,
IIIBhgj,,,,
IVAE,IVAe,,,
2BCCJ,IIBCcj,,,
ACgj,ACgj,,,
Bgu,,,,
Aheju,,,,
IIIBcgj,IIIBCgj,,,
Bfgcg,,Flag,,
BCgcj,BCgcj,,,
BHFY,Bhfy,,,
Bm1k,Bmk1,,,
IAh?,Ah1,,,
aeh,Ahe,,,
11BC,IIBC,,,
BCcj2,BCcj2,,,
CBG2,CBg2,,,
Bmyk,,,,
BTK1,Btk1,,,
Bjj,,Flag,,
IICs,,,,
Bmy3,,,,
Bfjb1,,,,
IILv,Lv2,,Organic.Horizon,Move
BCnk,Bnk,,,
Bfh?,Bhf,,,
ACg,ACg,,,
3AB,IIIAB,,,
BMGJB,Bmgjb,,,
IIbtg,IIBtg,,,
Ahbgj2,,,,
Ahb2C3,Ahb2,,,
bcK,Bmkc,,,
Ashb,,Flag,,
BMX,Bmx,,,
IBmk,,,,
Em,,Flag,,
Bm1Bt,Bt1,,,
Bfj2Bm,Bfj2,,,
BgBgf,Bgf,,,
iiC,IIC,,,
iiiAhb,IIIAhb,,,
Bm2f2,Bf2,,,
AhCg,Ahg,,,
BtgCg,Btg,,,
O4,O,,Organic.Horizon,
O3,O,,Organic.Horizon,
AhBh,,Flag,,
BtjCg,,Flag,,
Bgcc,,,,
AejBmj,,Flag,,
BCcc,,,,
Ah2+bmf,,Flag,,
BFHC,Bhfc,,,
BHFG1,Bhfg1,,,
BHFG2,Bhfg2,,,
iAh,Ah1,,,
vAhb,Vahb,,,
Co,C,,,
viC,VIC,,,
char,,Flag,,
Bm1f1,Bm1,,,
Bmhfh,Bhf,,,
Bmhgj,Bhgj,,,
Bmhfh1,Bhf1,,,
AHB1,Ahb1,,,
AHB2,Ahb2,,,
BMJ,Bm,,,
OM1,Om1,,Organic.Horizon,
OM2,Om2,,Organic.Horizon,
CBc,CBc,,,
Bmcg,,,,
Bmhfh2,,Flag,,
Bmgfg,,Flag,,
OH2,Oh2,,Organic.Horizon,
Ahg3,,,,
AeAch,,Flag,,
BFB2,Bfb2,,,
BFB1,Bfb1,,,
IIHbAe,,Flag,,
AshAe,,Flag,,
Ahr,Ah,,,
Hcinb,Hb,,Organic.Horizon,
Bngt,Bntg,,,
Ahgc,Ahg,,,
Hbu,Hb,,Organic.Horizon,
AeAsh,Ae,,,
AejBg1,,Flag,,
R+C,R,,,
Ah3+Bmj,,Flag,,
Ah2+Bmj,,Flag,,
Bmfcc,Bfcc,,,
ABAC,AB,,,
CI1,C1,,,
CI2,C2,,,
BCBm,Bm,,,
Cngt,,Flag,,
Bmf2,Bf2,,,
Bhcoll,Bh,,,
BC+R,,Flag,,
Ah+Cg,,Flag,,
95,,Flag,,
CAe,Ae,,,
Bhf5,,,,
Bhg+Btj,,Flag,,
Hb2Hb5,Hb,,Organic.Horizon,
Bm2Bm5,Bm,,,
Wood,,Flag,,
